{
    "type": "create:crushing",
    "group": "minecraft:misc",
    "ingredients": [
    	{
    		"item": "betteranimalsplus:antler"
    	}
    ], 
	"results": [
		{
			"item": "minecraft:bone_meal",
			"count": 4
		},
		{
			"item": "minecraft:light_gray_dye",
			"count": 1,
			"chance": 0.15
		},
		{
			"item": "minecraft:white_dye",
			"count": 1,
			"chance": 0.15
		},
		{
			"item": "minecraft:bone_meal",
			"count": 4,
			"chance": 0.25
		}
	],
	"processingTime": 150
}