{
    "type": "create:crushing",
    "group": "minecraft:misc",
    "ingredients": [
    	{
    		"item": "upgrade_aquatic:flowering_rush"
    	}
    ], 
	"results": [
		{
			"item": "minecraft:pink_dye",
			"count": 3
		},
		{
			"item": "minecraft:pink_dye",
			"count": 1,
			"chance": 0.1
		},
		{
			"item": "minecraft:light_gray_dye",
			"count": 1,
			"chance": 0.1
		},
		{
			"item": "minecraft:lime_dye",
			"count": 1,
			"chance": 0.1
		}
	],
	"processingTime": 50
}