{
    "type": "silentgear:grip",
    "stats": [
        {"name": "durability",        "value":  0.2, "op": "MUL1"},
        {"name": "repair_efficiency", "value":  0.0, "op": "MUL1"},
        {"name": "enchantability",    "value":  0.0, "op": "ADD"},
        {"name": "harvest_level",     "value":    0, "op": "MAX"},
        {"name": "harvest_speed",     "value": -0.1, "op": "MUL1"},
        {"name": "melee_damage",      "value":  0.0, "op": "ADD"},
        {"name": "magic_damage",      "value":  0.0, "op": "ADD"},
        {"name": "attack_speed",      "value": -0.2, "op": "ADD"},
        {"name": "ranged_damage",     "value":  0.0, "op": "ADD"},
        {"name": "ranged_speed",      "value": -0.2, "op": "ADD"},
        {"name": "rarity",            "value":    8}
    ],
    "traits": [
        {"name": "silentgear:jagged", "level": 4},
        {"name": "silentgear:chipping", "level": 2}
    ],
    "crafting_items": {
        "normal": {
            "item": "minecraft:obsidian"
        }
    },
    "name": {
        "text": "Obsidian"
    },
    "textures": {
        "all": {
            "lite_texture": "high_contrast",
            "highlight": false,
            "texture_domain": "silentgear",
            "texture_suffix": "generic_hc",
            "texture_color": "#443464",
            "broken_color": "#443464"
        }
    },
    "availability": {
        "tier": 0,
        "gear_blacklist": []
    }
}
