{
    "type": "silentgear:main",
    "stats": [
        {"name": "durability",      "value":  900},
        {"name": "armor_durability","value":   25},
        {"name": "enchantability",  "value":   11},
        {"name": "harvest_level",   "value":    3},
        {"name": "harvest_speed",   "value":    8},
        {"name": "melee_damage",    "value":  3.5},
        {"name": "magic_damage",    "value":  1.5},
        {"name": "attack_speed",    "value":  0.1},
        {"name": "armor",           "value":   20},
        {"name": "armor_toughness", "value":    4},
        {"name": "magic_armor",     "value":    6},
        {"name": "ranged_damage",   "value":    2},
        {"name": "ranged_speed",    "value":    0},
        {"name": "rarity",          "value":   35}
    ],
    "traits": [
        {"name": "silentgear:malleable", "level": 3},
        {"name": "silentgear:synergistic", "level": 2}
    ],
    "crafting_items": {
        "normal": {
            "tag": "forge:ingots/aluminum_steel"
        },
        "small": {
            "tag": "forge:nuggets/aluminum_steel",
            "size": 9
        }
    },
    "name": {
        "text": "Aluminum Steel"
    },
    "textures": {
        "all": {
            "lite_texture": "high_contrast",
            "highlight": true,
            "texture_domain": "silentgear",
            "texture_suffix": "generic_hc",
            "normal_color": "#98D9DA"
        }
    },
    "availability": {
        "tier": 3,
        "gear_blacklist": []
    }
}
