{
    "type": "silentgear:main",
    "stats": [
        {"name": "durability",      "value":1861},
        {"name": "armor_durability","value":  20},
        {"name": "enchantability",  "value":  25},
        {"name": "harvest_level",   "value":   3},
        {"name": "harvest_speed",   "value":   8},
        {"name": "melee_damage",    "value":   3},
        {"name": "magic_damage",    "value":   6},
        {"name": "attack_speed",    "value": 0.1},
        {"name": "armor",           "value":  19},
        {"name": "armor_toughness", "value":   1},
        {"name": "magic_armor",     "value":   9},
        {"name": "ranged_damage",   "value":   2},
        {"name": "ranged_speed",    "value": 0.2},
        {"name": "rarity",          "value":  35}
    ],
    "traits": [
        {"name": "silentgear:malleable", "level": 3},
        {"name": "silentgear:lustrous", "level": 1}
    ],
    "crafting_items": {
        "normal": {
            "item": "forbidden_arcanus:arcane_gold_ingot"
        },
        "small": {
            "item": "forbidden_arcanus:arcane_gold_nugget",
            "size": 9
        }
    },
    "name": {
        "text": "Arcane Gold"
    },
    "textures": {
        "all": {
            "lite_texture": "high_contrast_with_highlight",
            "highlight": true,
            "texture_domain": "silentgear",
            "texture_suffix": "generic_hc",
            "normal_color": "#EFC946"
        }
    },
    "availability": {
        "tier": 3,
        "gear_blacklist": []
    }
}
