{
    "type": "silentgear:main",
    "stats": [
        {"name": "durability",      "value":  420},
        {"name": "armor_durability","value":   24},
        {"name": "enchantability",  "value":   12},
        {"name": "harvest_level",   "value":    3},
        {"name": "harvest_speed",   "value":    7},
        {"name": "melee_damage",    "value":  2.5},
        {"name": "magic_damage",    "value":    2},
        {"name": "attack_speed",    "value": -0.1},
        {"name": "armor",           "value":   17},
        {"name": "armor_toughness", "value":    4},
        {"name": "magic_armor",     "value":    6},
        {"name": "ranged_damage",   "value":  1.5},
        {"name": "ranged_speed",    "value": -0.1},
        {"name": "rarity",          "value":   30}
    ],
    "traits": [
        {"name": "silentgear:fiery", "level": 2},
        {"name": "silentgear:malleable", "level": 3}
    ],
    "crafting_items": {
        "normal": {
            "tag": "forge:ingots/crimson_iron"
        },
        "small": {
            "tag": "forge:nuggets/crimson_iron",
            "size": 9
        }
    },
    "name": {
        "text": "Crimson Iron"
    },
    "textures": {
        "all": {
            "lite_texture": "high_contrast_with_highlight",
            "highlight": true,
            "texture_domain": "silentgear",
            "texture_suffix": "crimson_iron",
            "normal_color": "#FF6189"
        }
    },
    "availability": {
        "tier": 2,
        "gear_blacklist": []
    }
}
