{
    "type": "silentgear:main",
    "stats": [
        {"name": "durability",      "value":  640},
        {"name": "armor_durability","value":   20},
        {"name": "enchantability",  "value":   13},
        {"name": "harvest_level",   "value":    2},
        {"name": "harvest_speed",   "value":  7.5},
        {"name": "melee_damage",    "value":    3},
        {"name": "magic_damage",    "value":    3},
        {"name": "attack_speed",    "value":    0},
        {"name": "armor",           "value":   18},
        {"name": "armor_toughness", "value":    2},
        {"name": "magic_armor",     "value":    6},
        {"name": "ranged_damage",   "value":  1.5},
        {"name": "ranged_speed",    "value":    0},
        {"name": "rarity",          "value":   30}
    ],
    "traits": [
        {"name": "silentgear:malleable", "level": 2},
        {"name": "silentgear:adamant", "level": 2}
    ],
    "crafting_items": {
        "normal": {
            "tag": "forge:ingots/invar"
        },
        "small": {
            "tag": "forge:nuggets/invar",
            "size": 9
        }
    },
    "name": {
        "text": "Invar"
    },
    "textures": {
        "all": {
            "lite_texture": "high_contrast_with_highlight",
            "highlight": false,
            "texture_domain": "silentgear",
            "texture_suffix": "generic_h",
            "normal_color": "#C2CBB8"
        }
    },
    "availability": {
        "tier": 3,
        "gear_blacklist": []
    }
}
