{
    "type": "silentgear:main",
    "stats": [
        {"name": "durability",      "value":1861},
        {"name": "armor_durability","value":  27},
        {"name": "enchantability",  "value":  15},
        {"name": "harvest_level",   "value":   3},
        {"name": "harvest_speed",   "value":   8},
        {"name": "melee_damage",    "value":   3},
        {"name": "magic_damage",    "value":   6},
        {"name": "attack_speed",    "value": 0.1},
        {"name": "armor",           "value":  19},
        {"name": "armor_toughness", "value": 1.5},
        {"name": "magic_armor",     "value":   6},
        {"name": "ranged_damage",   "value":   0},
        {"name": "ranged_speed",    "value": 0.2},
        {"name": "rarity",          "value":  30}
    ],
    "traits": [
        {"name": "silentgear:malleable", "level": 3}
    ],
    "crafting_items": {
        "normal": {
            "item": "forbidden_arcanus:obsidian_ingot"
        }
    },
    "name": {
        "text": "Obsidian"
    },
    "textures": {
        "all": {
            "lite_texture": "high_contrast_with_highlight",
            "highlight": true,
            "texture_domain": "silentgear",
            "texture_suffix": "generic_hc",
            "normal_color": "#443464"
        }
    },
    "availability": {
        "tier": 3,
        "gear_blacklist": []
    }
}
