{
    "type": "silentgear:main",
    "stats": [
        {"name": "durability",      "value":  460},
        {"name": "armor_durability","value":   16},
        {"name": "enchantability",  "value":   18},
        {"name": "harvest_level",   "value":    2},
        {"name": "harvest_speed",   "value":    8},
        {"name": "melee_damage",    "value":    2},
        {"name": "magic_damage",    "value":    3},
        {"name": "attack_speed",    "value":  0.1},
        {"name": "armor",           "value":   18},
        {"name": "armor_toughness", "value":    2},
        {"name": "magic_armor",     "value":    8},
        {"name": "ranged_damage",   "value":    1},
        {"name": "ranged_speed",    "value":  0.1},
        {"name": "rarity",          "value":   30}
    ],
    "traits": [
        {"name": "silentgear:malleable", "level": 4}
    ],
    "crafting_items": {
        "normal": {
            "tag": "forge:ingots/redstone_alloy"
        },
        "small": {
            "tag": "forge:nuggets/redstone_alloy",
            "size": 9
        }
    },
    "name": {
        "text": "Redstone Alloy"
    },
    "textures": {
        "all": {
            "lite_texture": "high_contrast",
            "highlight": true,
            "texture_domain": "silentgear",
            "texture_suffix": "generic_hc",
            "normal_color": "#E60006",
            "broken_color": "#E60006"
        }
    },
    "availability": {
        "tier": 2,
        "gear_blacklist": []
    }
}
