{
    "type": "silents_mechanisms:crushing",
    "process_time": 400,
    "ingredient": {
        "tag": "forge:ores/amethyst"
    },
    "results": [
        {
            "item": "mysticalworld:amethyst",
            "count": 2
        },
        {
            "item": "mysticalworld:amethyst",
            "count": 1,
            "chance": 0.1
        },
        {
            "item": "minecraft:cobblestone",
            "count": 1,
            "chance": 0.1
        }
    ]
}