{
    "type": "silentgear:rod",
    "stats": [
        {"name": "durability",      "value":  0.2, "op": "MUL2"},
        {"name": "enchantability",  "value":  0.3, "op": "MUL2"},
        {"name": "harvest_level",   "value":    0, "op": "ADD"},
        {"name": "harvest_speed",   "value":  0.0, "op": "MUL2"},
        {"name": "melee_damage",    "value":  0.0, "op": "MUL2"},
        {"name": "magic_damage",    "value":  0.0, "op": "MUL2"},
        {"name": "attack_speed",    "value":  0.0, "op": "ADD"},
        {"name": "ranged_damage",   "value":  0.0, "op": "MUL2"},
        {"name": "ranged_speed",    "value":  0.1, "op": "MUL2"},
        {"name": "rarity",          "value":   30}
    ],
	"traits": [
        {"name": "silentgear:synergistic", "level": 2}
    ],
    "crafting_items": {
        "normal": {
            "item": "forbidden_arcanus:edelwood_stick"
        }
    },
    "name": {
        "text": "Edelwood Stick"
    },
    "textures": {
        "all": {
            "lite_texture": "low_contrast",
            "texture_domain": "silentgear",
            "texture_suffix": "generic_lc",
            "normal_color": "#663621"
        }
    },
    "availability": {
        "tier": 0,
        "gear_blacklist": []
    }
}
